pid,K,geometry,session,acc,acc_raw
s01,4,conc,within,0.5625,0.5625
s01,4,conc,across,0.25,0.375
s01,4,dist,within,0.6666666666666666,0.6666666666666666
s01,4,dist,across,0.125,0.375
s01,8,conc,within,0.7916666666666666,0.7916666666666666
s01,8,conc,across,0.275,0.325
s01,8,dist,within,0.8333333333333334,0.8333333333333334
s01,8,dist,across,0.4,0.5
s01,16,conc,within,0.7916666666666666,0.7916666666666666
s01,16,conc,across,0.35,0.5
s01,16,dist,within,0.8958333333333334,0.8958333333333334
s01,16,dist,across,0.525,0.6
s01,32,conc,within,0.9375,0.9375
s01,32,conc,across,0.65,0.675
s01,32,dist,within,0.9375,0.9375
s01,32,dist,across,0.725,0.825
s02,4,conc,within,0.5625,0.5625
s02,4,conc,across,0.075,0.325
s02,4,dist,within,0.7083333333333334,0.7083333333333334
s02,4,dist,across,0.45,0.325
s02,8,conc,within,0.6875,0.6875
s02,8,conc,across,0.175,0.275
s02,8,dist,within,0.8958333333333334,0.8958333333333334
s02,8,dist,across,0.575,0.45
s02,16,conc,within,0.7708333333333334,0.7708333333333334
s02,16,conc,across,0.2,0.35
s02,16,dist,within,0.9583333333333334,0.9583333333333334
s02,16,dist,across,0.55,0.6
s02,32,conc,within,0.8541666666666666,0.8541666666666666
s02,32,conc,across,0.125,0.2
s02,32,dist,within,1.0,1.0
s02,32,dist,across,0.425,0.375
s03,4,conc,within,0.5,0.5
s03,4,conc,across,0.225,0.3
s03,4,dist,within,0.6041666666666666,0.6041666666666666
s03,4,dist,across,0.125,0.125
s03,8,conc,within,0.6666666666666666,0.6666666666666666
s03,8,conc,across,0.325,0.275
s03,8,dist,within,0.7083333333333334,0.7083333333333334
s03,8,dist,across,0.05,0.15
s03,16,conc,within,0.8333333333333334,0.8333333333333334
s03,16,conc,across,0.425,0.375
s03,16,dist,within,0.875,0.875
s03,16,dist,across,0.425,0.2
s03,32,conc,within,0.8958333333333334,0.8958333333333334
s03,32,conc,across,0.55,0.55
s03,32,dist,within,0.9791666666666666,0.9791666666666666
s03,32,dist,across,0.375,0.45
s04,4,conc,within,0.7916666666666666,0.7916666666666666
s04,4,conc,across,0.35,0.4
s04,4,dist,within,0.7708333333333334,0.7708333333333334
s04,4,dist,across,0.625,0.35
s04,8,conc,within,0.7916666666666666,0.7916666666666666
s04,8,conc,across,0.3,0.125
s04,8,dist,within,0.9166666666666666,0.9166666666666666
s04,8,dist,across,0.85,0.7
s04,16,conc,within,0.875,0.875
s04,16,conc,across,0.45,0.125
s04,16,dist,within,0.9791666666666666,0.9791666666666666
s04,16,dist,across,0.8,0.775
s04,32,conc,within,0.8958333333333334,0.8958333333333334
s04,32,conc,across,0.5,0.15
s04,32,dist,within,0.9791666666666666,0.9791666666666666
s04,32,dist,across,0.85,0.95
s05,4,conc,within,0.44940476190476186,0.44940476190476186
s05,4,conc,across,0.025,0.125
s05,4,dist,within,0.6746031746031745,0.6746031746031745
s05,4,dist,across,0.525,0.575
s05,8,conc,within,0.5287698412698413,0.5287698412698413
s05,8,conc,across,0.2,0.125
s05,8,dist,within,0.7394179894179894,0.7394179894179894
s05,8,dist,across,0.45,0.325
s05,16,conc,within,0.6104497354497355,0.6104497354497355
s05,16,conc,across,0.225,0.125
s05,16,dist,within,0.7817460317460316,0.7817460317460316
s05,16,dist,across,0.35,0.275
s05,32,conc,within,0.728505291005291,0.728505291005291
s05,32,conc,across,0.425,0.125
s05,32,dist,within,0.8634259259259259,0.8634259259259259
s05,32,dist,across,0.975,0.675
s06,4,conc,within,0.9375,0.9375
s06,4,conc,across,0.38461538461538464,0.1282051282051282
s06,4,dist,within,0.8958333333333334,0.8958333333333334
s06,4,dist,across,0.6666666666666666,0.9230769230769231
s06,8,conc,within,0.9791666666666666,0.9791666666666666
s06,8,conc,across,0.5897435897435898,0.1282051282051282
s06,8,dist,within,1.0,1.0
s06,8,dist,across,0.8205128205128205,0.8205128205128205
s06,16,conc,within,1.0,1.0
s06,16,conc,across,0.6666666666666666,0.1282051282051282
s06,16,dist,within,1.0,1.0
s06,16,dist,across,0.9487179487179487,0.8974358974358975
s06,32,conc,within,1.0,1.0
s06,32,conc,across,0.9487179487179487,0.1282051282051282
s06,32,dist,within,1.0,1.0
s06,32,dist,across,0.9487179487179487,0.9487179487179487
s07,4,conc,within,0.8958333333333334,0.8958333333333334
s07,4,conc,across,0.825,0.7
s07,4,dist,within,0.9166666666666666,0.9166666666666666
s07,4,dist,across,0.625,0.5
s07,8,conc,within,0.9375,0.9375
s07,8,conc,across,0.925,0.775
s07,8,dist,within,0.9583333333333334,0.9583333333333334
s07,8,dist,across,0.775,0.65
s07,16,conc,within,0.9583333333333334,0.9583333333333334
s07,16,conc,across,0.975,0.925
s07,16,dist,within,1.0,1.0
s07,16,dist,across,0.875,0.825
s07,32,conc,within,1.0,1.0
s07,32,conc,across,0.95,0.975
s07,32,dist,within,1.0,1.0
s07,32,dist,across,0.8,0.875
s08,4,conc,within,0.625,0.625
s08,4,conc,across,0.1282051282051282,0.1794871794871795
s08,4,dist,within,0.5416666666666666,0.5416666666666666
s08,4,dist,across,0.0,0.15384615384615385
s08,8,conc,within,0.6666666666666666,0.6666666666666666
s08,8,conc,across,0.1794871794871795,0.1282051282051282
s08,8,dist,within,0.875,0.875
s08,8,dist,across,0.05128205128205128,0.1282051282051282
s08,16,conc,within,0.8333333333333334,0.8333333333333334
s08,16,conc,across,0.23076923076923078,0.1282051282051282
s08,16,dist,within,0.9166666666666666,0.9166666666666666
s08,16,dist,across,0.3076923076923077,0.07692307692307693
s08,32,conc,within,0.9166666666666666,0.9166666666666666
s08,32,conc,across,0.3333333333333333,0.1794871794871795
s08,32,dist,within,0.9166666666666666,0.9166666666666666
s08,32,dist,across,0.38461538461538464,0.07692307692307693
s09,4,conc,within,0.75,0.75
s09,4,conc,across,0.825,0.4
s09,4,dist,within,0.8125,0.8125
s09,4,dist,across,0.875,0.65
s09,8,conc,within,0.8333333333333334,0.8333333333333334
s09,8,conc,across,0.9,0.6
s09,8,dist,within,0.9375,0.9375
s09,8,dist,across,0.925,0.75
s09,16,conc,within,0.8541666666666666,0.8541666666666666
s09,16,conc,across,0.95,0.7
s09,16,dist,within,0.9791666666666666,0.9791666666666666
s09,16,dist,across,0.5,0.575
s09,32,conc,within,0.8958333333333334,0.8958333333333334
s09,32,conc,across,0.925,0.725
s09,32,dist,within,1.0,1.0
s09,32,dist,across,0.725,0.9
s10,4,conc,within,0.75,0.75
s10,4,conc,across,0.28205128205128205,0.23076923076923078
s10,4,dist,within,0.7916666666666666,0.7916666666666666
s10,4,dist,across,0.41025641025641024,0.2564102564102564
s10,8,conc,within,0.8958333333333334,0.8958333333333334
s10,8,conc,across,0.46153846153846156,0.3333333333333333
s10,8,dist,within,0.9375,0.9375
s10,8,dist,across,0.5897435897435898,0.5384615384615384
s10,16,conc,within,0.9375,0.9375
s10,16,conc,across,0.46153846153846156,0.5641025641025641
s10,16,dist,within,1.0,1.0
s10,16,dist,across,0.5897435897435898,0.5897435897435898
s10,32,conc,within,1.0,1.0
s10,32,conc,across,0.6410256410256411,0.6923076923076923
s10,32,dist,within,1.0,1.0
s10,32,dist,across,0.717948717948718,0.6410256410256411
s11,4,conc,within,0.6458333333333334,0.6458333333333334
s11,4,conc,across,0.025,0.15
s11,4,dist,within,0.8125,0.8125
s11,4,dist,across,0.5,0.375
s11,8,conc,within,0.7083333333333334,0.7083333333333334
s11,8,conc,across,0.0,0.3
s11,8,dist,within,0.875,0.875
s11,8,dist,across,0.325,0.375
s11,16,conc,within,0.9166666666666666,0.9166666666666666
s11,16,conc,across,0.125,0.25
s11,16,dist,within,0.875,0.875
s11,16,dist,across,0.475,0.375
s11,32,conc,within,0.9583333333333334,0.9583333333333334
s11,32,conc,across,0.175,0.225
s11,32,dist,within,0.9583333333333334,0.9583333333333334
s11,32,dist,across,0.725,0.35
s12,4,conc,within,0.4417989417989418,0.4417989417989418
s12,4,conc,across,0.15,0.125
s12,4,dist,within,0.8789682539682538,0.8789682539682538
s12,4,dist,across,0.425,0.325
s12,8,conc,within,0.5674603174603173,0.5674603174603173
s12,8,conc,across,0.2,0.125
s12,8,dist,within,0.8604497354497354,0.8604497354497354
s12,8,dist,across,0.45,0.325
s12,16,conc,within,0.7139550264550265,0.7139550264550265
s12,16,conc,across,0.225,0.125
s12,16,dist,within,0.8604497354497354,0.8604497354497354
s12,16,dist,across,0.4,0.3
s12,32,conc,within,0.8819444444444443,0.8819444444444443
s12,32,conc,across,0.275,0.125
s12,32,dist,within,0.9212962962962963,0.9212962962962963
s12,32,dist,across,0.65,0.575
s13,4,conc,within,0.6180555555555555,0.6180555555555555
s13,4,conc,across,0.175,0.475
s13,4,dist,within,0.6441798941798942,0.6441798941798942
s13,4,dist,across,0.1,0.45
s13,8,conc,within,0.8313492063492064,0.8313492063492064
s13,8,conc,across,0.475,0.55
s13,8,dist,within,0.8204365079365078,0.8204365079365078
s13,8,dist,across,0.55,0.325
s13,16,conc,within,0.9183201058201057,0.9183201058201057
s13,16,conc,across,0.575,0.55
s13,16,dist,within,0.8551587301587301,0.8551587301587301
s13,16,dist,across,0.45,0.65
s13,32,conc,within,0.9629629629629629,0.9629629629629629
s13,32,conc,across,0.85,0.65
s13,32,dist,within,0.894510582010582,0.894510582010582
s13,32,dist,across,0.8,0.55
s14,4,conc,within,0.7083333333333334,0.7083333333333334
s14,4,conc,across,0.28205128205128205,0.15384615384615385
s14,4,dist,within,0.7291666666666666,0.7291666666666666
s14,4,dist,across,0.1794871794871795,0.1282051282051282
s14,8,conc,within,0.9166666666666666,0.9166666666666666
s14,8,conc,across,0.28205128205128205,0.20512820512820512
s14,8,dist,within,0.8125,0.8125
s14,8,dist,across,0.5641025641025641,0.2564102564102564
s14,16,conc,within,0.9583333333333334,0.9583333333333334
s14,16,conc,across,0.3076923076923077,0.358974358974359
s14,16,dist,within,0.9375,0.9375
s14,16,dist,across,0.7948717948717948,0.2564102564102564
s14,32,conc,within,0.9375,0.9375
s14,32,conc,across,0.5384615384615384,0.20512820512820512
s14,32,dist,within,0.9583333333333334,0.9583333333333334
s14,32,dist,across,0.6410256410256411,0.3076923076923077
s15,4,conc,within,0.6458333333333334,0.6458333333333334
s15,4,conc,across,0.23076923076923078,0.23076923076923078
s15,4,dist,within,0.6666666666666666,0.6666666666666666
s15,4,dist,across,0.1794871794871795,0.15384615384615385
s15,8,conc,within,0.8125,0.8125
s15,8,conc,across,0.2564102564102564,0.38461538461538464
s15,8,dist,within,0.7708333333333334,0.7708333333333334
s15,8,dist,across,0.15384615384615385,0.1282051282051282
s15,16,conc,within,0.8125,0.8125
s15,16,conc,across,0.1794871794871795,0.5128205128205128
s15,16,dist,within,0.8958333333333334,0.8958333333333334
s15,16,dist,across,0.23076923076923078,0.1282051282051282
s15,32,conc,within,0.875,0.875
s15,32,conc,across,0.3333333333333333,0.46153846153846156
s15,32,dist,within,1.0,1.0
s15,32,dist,across,0.46153846153846156,0.1282051282051282
s16,4,conc,within,0.5033068783068783,0.5033068783068783
s16,4,conc,across,0.25,0.125
s16,4,dist,within,0.583664021164021,0.583664021164021
s16,4,dist,across,0.25,0.35
s16,8,conc,within,0.5241402116402116,0.5241402116402116
s16,8,conc,across,0.125,0.2
s16,8,dist,within,0.769510582010582,0.769510582010582
s16,8,dist,across,0.3,0.225
s16,16,conc,within,0.6306216931216931,0.6306216931216931
s16,16,conc,across,0.275,0.25
s16,16,dist,within,0.832010582010582,0.832010582010582
s16,16,dist,across,0.4,0.225
s16,32,conc,within,0.7354497354497354,0.7354497354497354
s16,32,conc,across,0.2,0.475
s16,32,dist,within,0.8766534391534391,0.8766534391534391
s16,32,dist,across,0.35,0.275
s17,4,conc,within,0.5396825396825397,0.5396825396825397
s17,4,conc,across,0.05128205128205128,0.1282051282051282
s17,4,dist,within,0.5767195767195766,0.5767195767195766
s17,4,dist,across,0.07692307692307693,0.20512820512820512
s17,8,conc,within,0.708994708994709,0.708994708994709
s17,8,conc,across,0.02564102564102564,0.1282051282051282
s17,8,dist,within,0.8968253968253969,0.8968253968253969
s17,8,dist,across,0.20512820512820512,0.41025641025641024
s17,16,conc,within,0.8915343915343915,0.8915343915343915
s17,16,conc,across,0.38461538461538464,0.1282051282051282
s17,16,dist,within,0.9576719576719577,0.9576719576719577
s17,16,dist,across,0.48717948717948717,0.6923076923076923
s17,32,conc,within,0.9391534391534391,0.9391534391534391
s17,32,conc,across,0.6923076923076923,0.1794871794871795
s17,32,dist,within,0.9576719576719577,0.9576719576719577
s17,32,dist,across,0.6153846153846154,0.7692307692307693
s18,4,conc,within,0.6666666666666666,0.6666666666666666
s18,4,conc,across,0.28205128205128205,0.20512820512820512
s18,4,dist,within,0.7708333333333334,0.7708333333333334
s18,4,dist,across,0.20512820512820512,0.23076923076923078
s18,8,conc,within,0.8333333333333334,0.8333333333333334
s18,8,conc,across,0.6153846153846154,0.3333333333333333
s18,8,dist,within,0.9791666666666666,0.9791666666666666
s18,8,dist,across,0.6410256410256411,0.4358974358974359
s18,16,conc,within,0.9166666666666666,0.9166666666666666
s18,16,conc,across,0.6153846153846154,0.38461538461538464
s18,16,dist,within,1.0,1.0
s18,16,dist,across,0.8974358974358975,0.6410256410256411
s18,32,conc,within,0.9791666666666666,0.9791666666666666
s18,32,conc,across,0.9487179487179487,0.6923076923076923
s18,32,dist,within,1.0,1.0
s18,32,dist,across,0.9743589743589743,0.717948717948718
s19,4,conc,within,0.875,0.875
s19,4,conc,across,0.325,0.45
s19,4,dist,within,0.9166666666666666,0.9166666666666666
s19,4,dist,across,0.525,0.55
s19,8,conc,within,0.9791666666666666,0.9791666666666666
s19,8,conc,across,0.4,0.55
s19,8,dist,within,1.0,1.0
s19,8,dist,across,0.475,0.85
s19,16,conc,within,0.9791666666666666,0.9791666666666666
s19,16,conc,across,0.725,0.675
s19,16,dist,within,1.0,1.0
s19,16,dist,across,0.625,0.85
s19,32,conc,within,0.9791666666666666,0.9791666666666666
s19,32,conc,across,0.95,0.8
s19,32,dist,within,1.0,1.0
s19,32,dist,across,0.875,0.875
s20,4,conc,within,0.7880291005291006,0.7880291005291006
s20,4,conc,across,0.15,0.275
s20,4,dist,within,0.916005291005291,0.916005291005291
s20,4,dist,across,0.475,0.175
s20,8,conc,within,0.832010582010582,0.832010582010582
s20,8,conc,across,0.05,0.275
s20,8,dist,within,0.916005291005291,0.916005291005291
s20,8,dist,across,0.6,0.175
s20,16,conc,within,0.9189814814814815,0.9189814814814815
s20,16,conc,across,0.1,0.3
s20,16,dist,within,0.9368386243386243,0.9368386243386243
s20,16,dist,across,0.575,0.175
s20,32,conc,within,0.9398148148148149,0.9398148148148149
s20,32,conc,across,0.125,0.2
s20,32,dist,within,0.9814814814814815,0.9814814814814815
s20,32,dist,across,0.7,0.4
